Identifier,UUID,Title,Path,Published,Drupal version,Body,Body format
1,page_1,Page 1,,1,1;2;3;4;5,Lorem ipsum,basic_html
2,page_2,Page 2,,1,2;3;4,Lorem ipsum,basic_html
3,page_3,Page 3,,1,3,Lorem ipsum,basic_html
4,page_4,Page 4,,1,4,Lorem ipsum,basic_html
5,page_5,Page 5,,1,5,Lorem ipsum,basic_html
6,page_6,Page 6,,1,6,Lorem ipsum,basic_html
7,page_7,Page 7,,1,7,Lorem ipsum,basic_html
8,page_8,Page 8,,1,8,Lorem ipsum,basic_html
9,page_9,Page 9,,1,1,Lorem ipsum,basic_html
10,page_10,Page 10,,1,2,Lorem ipsum,basic_html
