"UUID","Type","Published","Name","Image ID","Video URL"
"media_image_1","image",1,"Image profile utilisateur","default_user_picture",
"media_image_2","image",1,"Bannière Drupalcamp Lannion","drupalcamp_lannion_banner",
"video_dcn_2016_1","video",1,"Démystifions le référencement @simongeorges",,"https://www.youtube.com/watch?v=8BB8CTgW7hE",
"lorempixel_nature_square_1","image",1,"Lorempixel nature square 1","lorempixel_nature_square_1",
"lorempixel_nature_square_2","image",1,"Lorempixel nature square 2","lorempixel_nature_square_2",
"lorempixel_nature_square_3","image",1,"Lorempixel nature square 3","lorempixel_nature_square_3",
"lorempixel_nature_square_4","image",1,"Lorempixel nature square 4","lorempixel_nature_square_4",
"lorempixel_nature_square_5","image",1,"Lorempixel nature square 5","lorempixel_nature_square_5",
"lorempixel_nature_square_6","image",1,"Lorempixel nature square 6","lorempixel_nature_square_6",
"lorempixel_nature_square_7","image",1,"Lorempixel nature square 7","lorempixel_nature_square_7",
"lorempixel_nature_square_8","image",1,"Lorempixel nature square 8","lorempixel_nature_square_8",
"lorempixel_nature_square_9","image",1,"Lorempixel nature square 9","lorempixel_nature_square_9",
"lorempixel_nature_square_10","image",1,"Lorempixel nature square 10","lorempixel_nature_square_10",
"image_homepage_1","image",1,"image homepage 1","image_homepage_1",
"image_homepage_documentation","image",1,"image homepage documentation","image_homepage_documentation",
"image_homepage_collaboration","image",1,"image homepage collaboration","image_homepage_collaboration",
"image_homepage_reference_1","image",1,"image homepage reference 1","image_homepage_reference_1",
"image_homepage_reference_2","image",1,"image homepage reference 2","image_homepage_reference_2",
"image_homepage_reference_3","image",1,"image homepage reference 3","image_homepage_reference_3",
"image_homepage_reference_4","image",1,"image homepage reference 4","image_homepage_reference_4",
"image_homepage_reference_5","image",1,"image homepage reference 5","image_homepage_reference_5",
"image_homepage_reference_6","image",1,"image homepage reference 6","image_homepage_reference_6",
"image_homepage_reference_7","image",1,"image homepage reference 7","image_homepage_reference_7",
"image_homepage_user_1","image",1,"image homepage user 1","image_homepage_user_1",
"image_homepage_user_2","image",1,"image homepage user 2","image_homepage_user_2",
"image_homepage_user_3","image",1,"image homepage user 3","image_homepage_user_3",
"image_homepage_news_1","image",1,"image homepage news 1","image_homepage_news_1",
"image_homepage_news_2","image",1,"image homepage news 2","image_homepage_news_2",
"image_homepage_news_3","image",1,"image homepage news 3","image_homepage_news_3",
"image_decouvrir_1","image",1,"image decouvrir 1","image_decouvrir_1",
"image_decouvrir_2","image",1,"image decouvrir 2","image_decouvrir_2",
"image_decouvrir_3","image",1,"image decouvrir 3","image_decouvrir_3",
"image_decouvrir_4","image",1,"image decouvrir 4","image_decouvrir_4",
"image_decouvrir_5","image",1,"image decouvrir 5","image_decouvrir_5",
"image_decouvrir_6","image",1,"image decouvrir 6","image_decouvrir_6",
"image_decouvrir_7","image",1,"image decouvrir 7","image_decouvrir_7",
"image_documentation_1","image",1,"image documentation 1","image_documentation_1",
"image_communaute_1","image",1,"image communaute 1","image_communaute_1",
"image_l_association_1","image",1,"image l association 1","image_l_association_1",
"image_president","image",1,"image president","image_president",
"image_president_suppleant","image",1,"image president suppleant","image_president_suppleant",
"image_secretaire","image",1,"image secretaire","image_secretaire",
"image_tresoriere","image",1,"image tresoriere","image_tresoriere",
"image_adherer","image",1,"image adherer","image_adherer",
"image_event_1","image",1,"image event 1","image_event_1",