"PID","Users","Title"
"trombinoscope_item_1","user_1","Président"
"trombinoscope_item_2","user_2","Trésorier"
"trombinoscope_item_3","user_3","Secrétaire"
"trombinoscope_item_4","user_4","Vice-trésorière"
"trombinoscope_item_5","user_5","Vice-secrétaire"
"trombinoscope_item_6","user_6","Test"
"trombinoscope_item_7","user_president","Président"
"trombinoscope_item_8","user_president_suppleant","Président Suppleant"
"trombinoscope_item_9","user_tresoriere","Trésorier"
"trombinoscope_item_10","user_secretaire","Secrétaire"
